{"root":[{"assemblyName":"Unity.AI.Navigation","nameSpace":"Unity.AI.Navigation","className":"NavMeshLink","methodName":"ClearTrackedList","loadTypes":1,"isUnityClass":true},{"assemblyName":"Unity.AI.Navigation","nameSpace":"Unity.AI.Navigation","className":"NavMeshModifier","methodName":"ClearNavMeshModifiers","loadTypes":1,"isUnityClass":true},{"assemblyName":"Unity.AI.Navigation","nameSpace":"Unity.AI.Navigation","className":"NavMeshModifierVolume","methodName":"ClearNavMeshModifiers","loadTypes":1,"isUnityClass":true},{"assemblyName":"Unity.AI.Navigation","nameSpace":"Unity.AI.Navigation","className":"NavMeshSurface","methodName":"ClearNavMeshSurfaces","loadTypes":1,"isUnityClass":true},{"assemblyName":"Unity.Collections","nameSpace":"","className":"__JobReflectionRegistrationOutput__1652832624114795843","methodName":"EarlyInit","loadTypes":2,"isUnityClass":true},{"assemblyName":"Unity.Collections","nameSpace":"","className":"$BurstDirectCallInitializer","methodName":"Initialize","loadTypes":2,"isUnityClass":true},{"assemblyName":"Unity.InputSystem","nameSpace":"UnityEngine.InputSystem","className":"InputSystem","methodName":"RunInitializeInPlayer","loadTypes":4,"isUnityClass":true},{"assemblyName":"Unity.InputSystem","nameSpace":"UnityEngine.InputSystem","className":"InputSystem","methodName":"RunInitialUpdate","loadTypes":1,"isUnityClass":true},{"assemblyName":"Unity.InputSystem.ForUI","nameSpace":"UnityEngine.InputSystem.Plugins.InputForUI","className":"InputSystemProvider","methodName":"Bootstrap","loadTypes":4,"isUnityClass":true},{"assemblyName":"Unity.Rendering.LightTransport.Runtime","nameSpace":"","className":"__JobReflectionRegistrationOutput__16164947281921951637","methodName":"EarlyInit","loadTypes":2,"isUnityClass":true},{"assemblyName":"Unity.RenderPipelines.Core.Runtime","nameSpace":"UnityEngine.Experimental.Rendering","className":"XRSystem","methodName":"XRSystemInit","loadTypes":3,"isUnityClass":true},{"assemblyName":"Unity.RenderPipelines.Core.Runtime","nameSpace":"UnityEngine.Rendering","className":"DebugUpdater","methodName":"RuntimeInit","loadTypes":0,"isUnityClass":true},{"assemblyName":"Unity.RenderPipelines.GPUDriven.Runtime","nameSpace":"","className":"__JobReflectionRegistrationOutput__15867191014387474753","methodName":"EarlyInit","loadTypes":2,"isUnityClass":true},{"assemblyName":"Unity.RenderPipelines.Universal.2D.Runtime","nameSpace":"","className":"$BurstDirectCallInitializer","methodName":"Initialize","loadTypes":2,"isUnityClass":true},{"assemblyName":"Unity.Sentis","nameSpace":"","className":"__JobReflectionRegistrationOutput__9997198160029240570","methodName":"EarlyInit","loadTypes":2,"isUnityClass":true},{"assemblyName":"Unity.Sentis","nameSpace":"","className":"$BurstDirectCallInitializer","methodName":"Initialize","loadTypes":2,"isUnityClass":true},{"assemblyName":"Unity.VisualScripting.Core","nameSpace":"Unity.VisualScripting","className":"RuntimeVSUsageUtility","methodName":"RuntimeInitializeOnLoadBeforeSceneLoad","loadTypes":1,"isUnityClass":true},{"assemblyName":"Unity.XR.Interaction.Toolkit","nameSpace":"UnityEngine.XR.Interaction.Toolkit.Inputs.Simulation","className":"SimulatedInputLayoutLoader","methodName":"Initialize","loadTypes":1,"isUnityClass":true},{"assemblyName":"Unity.XR.Interaction.Toolkit","nameSpace":"UnityEngine.XR.Interaction.Toolkit.Inputs.Simulation","className":"XRDeviceSimulatorLoader","methodName":"Initialize","loadTypes":0,"isUnityClass":true},{"assemblyName":"Unity.XR.Interaction.Toolkit","nameSpace":"UnityEngine.XR.Interaction.Toolkit.Inputs.Interactions","className":"SectorInteraction","methodName":"Initialize","loadTypes":1,"isUnityClass":true},{"assemblyName":"Unity.XR.Interaction.Toolkit","nameSpace":"UnityEngine.XR.Interaction.Toolkit.Inputs.Composites","className":"Vector3FallbackComposite","methodName":"Initialize","loadTypes":1,"isUnityClass":true},{"assemblyName":"Unity.XR.Interaction.Toolkit","nameSpace":"UnityEngine.XR.Interaction.Toolkit.Inputs.Composites","className":"QuaternionFallbackComposite","methodName":"Initialize","loadTypes":1,"isUnityClass":true},{"assemblyName":"Unity.XR.Interaction.Toolkit","nameSpace":"UnityEngine.XR.Interaction.Toolkit.Inputs.Composites","className":"IntegerFallbackComposite","methodName":"Initialize","loadTypes":1,"isUnityClass":true},{"assemblyName":"Unity.XR.Interaction.Toolkit","nameSpace":"UnityEngine.XR.Interaction.Toolkit.Inputs.Composites","className":"ButtonFallbackComposite","methodName":"Initialize","loadTypes":1,"isUnityClass":true},{"assemblyName":"Unity.XR.Interaction.Toolkit","nameSpace":"","className":"$BurstDirectCallInitializer","methodName":"Initialize","loadTypes":2,"isUnityClass":true},{"assemblyName":"Unity.XR.Management","nameSpace":"UnityEngine.XR.Management","className":"XRGeneralSettings","methodName":"AttemptInitializeXRSDKOnLoad","loadTypes":2,"isUnityClass":true},{"assemblyName":"Unity.XR.Management","nameSpace":"UnityEngine.XR.Management","className":"XRGeneralSettings","methodName":"AttemptStartXRSDKOnBeforeSplashScreen","loadTypes":3,"isUnityClass":true}]}
